{
  "parent": "item/generated",
  "textures": {
    "layer0": "item/sweet_berries"
  },
  "overrides": [
    {
      "predicate": {
        "custom_model_data": 1
      },
      "model": "item/raspberry"
    },
    {
      "predicate": {
        "custom_model_data": 2
      },
      "model": "item/blueberry"
    },
    {
      "predicate": {
        "custom_model_data": 3
      },
      "model": "item/glowberry"
    },
    {
      "predicate": {
        "custom_model_data": 4
      },
      "model": "item/blackberry"
    },
    {
      "predicate": {
        "custom_model_data": 11
      },
      "model": "item/golden_raspberry"
    },
    {
      "predicate": {
        "custom_model_data": 12
      },
      "model": "item/golden_blueberry"
    },
    {
      "predicate": {
        "custom_model_data": 13
      },
      "model": "item/golden_glowberry"
    },
    {
      "predicate": {
        "custom_model_data": 14
      },
      "model": "item/golden_blackberry"
    }
  ]
}